제목,링크
고양이 귀 청소,https://kin.naver.com/qna/detail.naver?d1id=8&dirId=80511&docId=469222027&qb=6rOg7JaR7J20&enc=utf8§ion=kin.qna_ency&rank=1&search_sort=0&spq=0
고양이 눈 처방 약국,https://kin.naver.com/qna/detail.naver?d1id=7&dirId=70401&docId=466171861&qb=6rOg7JaR7J20&enc=utf8§ion=kin.qna_ency&rank=2&search_sort=0&spq=0
계속 고양이 키우는 꿈을 꿔요ㅠㅠ,https://kin.naver.com/qna/detail.naver?d1id=8&dirId=80502&docId=466799725&qb=6rOg7JaR7J20&enc=utf8§ion=kin.qna_ency&rank=3&search_sort=0&spq=0
고양이 알레르기,https://kin.naver.com/qna/detail.naver?d1id=8&dirId=80502&docId=468932207&qb=6rOg7JaR7J20&enc=utf8§ion=kin.qna_ency&rank=4&search_sort=0&spq=0
고양이 알레르기 질문,https://kin.naver.com/qna/detail.naver?d1id=8&dirId=80511&docId=467081622&qb=6rOg7JaR7J20&enc=utf8§ion=kin.qna_ency&rank=5&search_sort=0&spq=0
고양이 왼쪽귀가 부어올랐습니다,https://kin.naver.com/qna/detail.naver?d1id=8&dirId=80511&docId=469026444&qb=6rOg7JaR7J20&enc=utf8§ion=kin.qna_ency&rank=6&search_sort=0&spq=0
고양이에 대해,https://kin.naver.com/qna/detail.naver?d1id=8&dirId=80508&docId=468926621&qb=6rOg7JaR7J20&enc=utf8§ion=kin.qna_ency&rank=7&search_sort=0&spq=0
고양이가 자꾸 제 머리를 밣아요,https://kin.naver.com/qna/detail.naver?d1id=8&dirId=80502&docId=466827729&qb=6rOg7JaR7J20&enc=utf8§ion=kin.qna_ency&rank=8&search_sort=0&spq=0
고양이 알레르기일까요?,https://kin.naver.com/qna/detail.naver?d1id=8&dirId=80511&docId=467719848&qb=6rOg7JaR7J20&enc=utf8§ion=kin.qna_ency&rank=9&search_sort=0&spq=0
갑자기 시작된 고양이 하악질,https://kin.naver.com/qna/detail.naver?d1id=8&dirId=80502&docId=468320419&qb=6rOg7JaR7J20&enc=utf8§ion=kin.qna_ency&rank=10&search_sort=0&spq=0
고양이 훈련,https://kin.naver.com/qna/detail.naver?d1id=8&dirId=80511&docId=467670931&qb=6rOg7JaR7J20&enc=utf8§ion=kin.qna_ency&rank=11&search_sort=0&spq=0
고양이 수염이 갈라져요.,https://kin.naver.com/qna/detail.naver?d1id=8&dirId=80502&docId=467663338&qb=6rOg7JaR7J20&enc=utf8§ion=kin.qna_ency&rank=12&search_sort=0&spq=0
부산고양이분양,https://kin.naver.com/qna/detail.naver?d1id=8&dirId=80502&docId=466021076&qb=6rOg7JaR7J20&enc=utf8§ion=kin.qna_ency&rank=13&search_sort=0&spq=0
고양이 우다다,https://kin.naver.com/qna/detail.naver?d1id=8&dirId=80502&docId=469178050&qb=6rOg7JaR7J20&enc=utf8§ion=kin.qna_ency&rank=14&search_sort=0&spq=0
다른 고양이 식기 써도 되나요,https://kin.naver.com/qna/detail.naver?d1id=8&dirId=80502&docId=467556939&qb=6rOg7JaR7J20&enc=utf8§ion=kin.qna_ency&rank=15&search_sort=0&spq=0
고양이가 이상한 소리를 내요,https://kin.naver.com/qna/detail.naver?d1id=8&dirId=80502&docId=467976867&qb=6rOg7JaR7J20&enc=utf8§ion=kin.qna_ency&rank=16&search_sort=0&spq=0
고양이 알레르기 약국 약,https://kin.naver.com/qna/detail.naver?d1id=7&dirId=70401&docId=457425526&qb=6rOg7JaR7J20&enc=utf8§ion=kin.qna_ency&rank=17&search_sort=0&spq=0
고양이때문에 아토피,https://kin.naver.com/qna/detail.naver?d1id=7&dirId=70111&docId=468029628&qb=6rOg7JaR7J20&enc=utf8§ion=kin.qna_ency&rank=18&search_sort=0&spq=0
집 나간 고양이 다시 왔어요,https://kin.naver.com/qna/detail.naver?d1id=8&dirId=80502&docId=467897787&qb=6rOg7JaR7J20&enc=utf8§ion=kin.qna_ency&rank=19&search_sort=0&spq=0
고양이 털,https://kin.naver.com/qna/detail.naver?d1id=8&dirId=80502&docId=467697026&qb=6rOg7JaR7J20&enc=utf8§ion=kin.qna_ency&rank=20&search_sort=0&spq=0
고양이 무는 행동⬛,https://kin.naver.com/qna/detail.naver?d1id=8&dirId=80511&docId=466067433&qb=6rOg7JaR7J20&enc=utf8§ion=kin.qna_ency&rank=21&search_sort=0&spq=0
고양이마다 성격도,https://kin.naver.com/qna/detail.naver?d1id=8&dirId=80502&docId=467299680&qb=6rOg7JaR7J20&enc=utf8§ion=kin.qna_ency&rank=22&search_sort=0&spq=0
애기 고양이상 좋은건가요,https://kin.naver.com/qna/detail.naver?d1id=8&dirId=80502&docId=466070620&qb=6rOg7JaR7J20&enc=utf8§ion=kin.qna_ency&rank=23&search_sort=0&spq=0
고양이 서울캣쇼,https://kin.naver.com/qna/detail.naver?d1id=8&dirId=80502&docId=466978977&qb=6rOg7JaR7J20&enc=utf8§ion=kin.qna_ency&rank=24&search_sort=0&spq=0
고양이에게 위험한 꽃,https://kin.naver.com/qna/detail.naver?d1id=8&dirId=80502&docId=466583612&qb=6rOg7JaR7J20&enc=utf8§ion=kin.qna_ency&rank=25&search_sort=0&spq=0
고양이 알레르기,https://kin.naver.com/qna/detail.naver?d1id=7&dirId=710&docId=465754419&qb=6rOg7JaR7J20&enc=utf8§ion=kin.qna_ency&rank=26&search_sort=0&spq=0
고양이 스트레스 완화방법,https://kin.naver.com/qna/detail.naver?d1id=8&dirId=80511&docId=467463092&qb=6rOg7JaR7J20&enc=utf8§ion=kin.qna_ency&rank=27&search_sort=0&spq=0
고양이와 새 합사,https://kin.naver.com/qna/detail.naver?d1id=8&dirId=80511&docId=466816325&qb=6rOg7JaR7J20&enc=utf8§ion=kin.qna_ency&rank=28&search_sort=0&spq=0
새끼고양이 성격,https://kin.naver.com/qna/detail.naver?d1id=8&dirId=80502&docId=467951228&qb=6rOg7JaR7J20&enc=utf8§ion=kin.qna_ency&rank=29&search_sort=0&spq=0
남자 일진 고양이상이 뭔가요?,https://kin.naver.com/qna/detail.naver?d1id=8&dirId=80502&docId=467541453&qb=6rOg7JaR7J20&enc=utf8§ion=kin.qna_ency&rank=30&search_sort=0&spq=0
고양이가 강아지 사료를?,https://kin.naver.com/qna/detail.naver?d1id=8&dirId=8050103&docId=466702046&qb=6rOg7JaR7J20&enc=utf8§ion=kin.qna_ency&rank=31&search_sort=0&spq=0
고양이사료먹으면,https://kin.naver.com/qna/detail.naver?d1id=8&dirId=80502&docId=465863640&qb=6rOg7JaR7J20&enc=utf8§ion=kin.qna_ency&rank=32&search_sort=0&spq=0
고양이 간식 급여,https://kin.naver.com/qna/detail.naver?d1id=8&dirId=8050103&docId=465909542&qb=6rOg7JaR7J20&enc=utf8§ion=kin.qna_ency&rank=33&search_sort=0&spq=0
고양이 접종주기,https://kin.naver.com/qna/detail.naver?d1id=8&dirId=80511&docId=467193892&qb=6rOg7JaR7J20&enc=utf8§ion=kin.qna_ency&rank=34&search_sort=0&spq=0
고양이 전발치,https://kin.naver.com/qna/detail.naver?d1id=8&dirId=80511&docId=466269448&qb=6rOg7JaR7J20&enc=utf8§ion=kin.qna_ency&rank=35&search_sort=0&spq=0
고양이. 밥 행동,https://kin.naver.com/qna/detail.naver?d1id=8&dirId=80502&docId=468509289&qb=6rOg7JaR7J20&enc=utf8§ion=kin.qna_ency&rank=36&search_sort=0&spq=0
천식있는데 고양이,https://kin.naver.com/qna/detail.naver?d1id=7&dirId=7010101&docId=468911264&qb=6rOg7JaR7J20&enc=utf8§ion=kin.qna_ency&rank=37&search_sort=0&spq=0
귀여운 너의 고양이,https://kin.naver.com/qna/detail.naver?d1id=11&dirId=11080102&docId=467678086&qb=6rOg7JaR7J20&enc=utf8§ion=kin.qna_ency&rank=38&search_sort=0&spq=0
문일여고 고양이 이름,https://kin.naver.com/qna/detail.naver?d1id=8&dirId=80502&docId=465879181&qb=6rOg7JaR7J20&enc=utf8§ion=kin.qna_ency&rank=39&search_sort=0&spq=0
합성동 고양이 카페,https://kin.naver.com/qna/detail.naver?d1id=12&dirId=12100346&docId=466141160&qb=6rOg7JaR7J20&enc=utf8§ion=kin.qna_ency&rank=40&search_sort=0&spq=0
갑자기 고양이들끼리 싸움,https://kin.naver.com/qna/detail.naver?d1id=8&dirId=80502&docId=465878587&qb=6rOg7JaR7J20&enc=utf8§ion=kin.qna_ency&rank=41&search_sort=0&spq=0
수원역 주변 고양이 카페,https://kin.naver.com/qna/detail.naver?d1id=12&dirId=120902&docId=467740739&qb=6rOg7JaR7J20&enc=utf8§ion=kin.qna_ency&rank=42&search_sort=0&spq=0
여름철 고양이 화장실,https://kin.naver.com/qna/detail.naver?d1id=8&dirId=80502&docId=466713944&qb=6rOg7JaR7J20&enc=utf8§ion=kin.qna_ency&rank=43&search_sort=0&spq=0
꿈에서 아기 고양이 나옴,https://kin.naver.com/qna/detail.naver?d1id=3&dirId=31505&docId=466660560&qb=6rOg7JaR7J20&enc=utf8§ion=kin.qna_ency&rank=44&search_sort=0&spq=0
죽은 고양이가 너무 보고싶어요,https://kin.naver.com/qna/detail.naver?d1id=8&dirId=80502&docId=467565174&qb=6rOg7JaR7J20&enc=utf8§ion=kin.qna_ency&rank=45&search_sort=0&spq=0
저희 고양이,https://kin.naver.com/qna/detail.naver?d1id=8&dirId=80502&docId=465981637&qb=6rOg7JaR7J20&enc=utf8§ion=kin.qna_ency&rank=46&search_sort=0&spq=0
톰과제리 여자 고양이,https://kin.naver.com/qna/detail.naver?d1id=3&dirId=30504&docId=468536470&qb=6rOg7JaR7J20&enc=utf8§ion=kin.qna_ency&rank=47&search_sort=0&spq=0
실수로 고양이 발로 찼어요..,https://kin.naver.com/qna/detail.naver?d1id=8&dirId=80502&docId=466275194&qb=6rOg7JaR7J20&enc=utf8§ion=kin.qna_ency&rank=48&search_sort=0&spq=0
고양이카페 고양이알레르기,https://kin.naver.com/qna/detail.naver?d1id=8&dirId=80511&docId=465887732&qb=6rOg7JaR7J20&enc=utf8§ion=kin.qna_ency&rank=49&search_sort=0&spq=0
고양이 두마리 키우기,https://kin.naver.com/qna/detail.naver?d1id=8&dirId=805&docId=467485520&qb=6rOg7JaR7J20&enc=utf8§ion=kin.qna_ency&rank=50&search_sort=0&spq=0
고양이 정신병,https://kin.naver.com/qna/detail.naver?d1id=8&dirId=80511&docId=467447779&qb=6rOg7JaR7J20&enc=utf8§ion=kin.qna_ency&rank=51&search_sort=0&spq=0
고양이에 대해 자세히 알려주실분!!,https://kin.naver.com/qna/detail.naver?d1id=8&dirId=80503&docId=466902968&qb=6rOg7JaR7J20&enc=utf8§ion=kin.qna_ency&rank=52&search_sort=0&spq=0
고양이 활동량,https://kin.naver.com/qna/detail.naver?d1id=8&dirId=80502&docId=467836993&qb=6rOg7JaR7J20&enc=utf8§ion=kin.qna_ency&rank=53&search_sort=0&spq=0
고양이가 뒷발로 사람을 긁어요,https://kin.naver.com/qna/detail.naver?d1id=8&dirId=80502&docId=466490173&qb=6rOg7JaR7J20&enc=utf8§ion=kin.qna_ency&rank=54&search_sort=0&spq=0
강아지 고양이 합사,https://kin.naver.com/qna/detail.naver?d1id=8&dirId=80511&docId=466141937&qb=6rOg7JaR7J20&enc=utf8§ion=kin.qna_ency&rank=55&search_sort=0&spq=0
저희집 고양이가 피가나요,https://kin.naver.com/qna/detail.naver?d1id=7&dirId=70122&docId=466188674&qb=6rOg7JaR7J20&enc=utf8§ion=kin.qna_ency&rank=56&search_sort=0&spq=0
고양이와 강아지 합사문의!,https://kin.naver.com/qna/detail.naver?d1id=8&dirId=8050101&docId=467728624&qb=6rOg7JaR7J20&enc=utf8§ion=kin.qna_ency&rank=57&search_sort=0&spq=0
고양이 강아지 합사,https://kin.naver.com/qna/detail.naver?d1id=8&dirId=8050101&docId=466328164&qb=6rOg7JaR7J20&enc=utf8§ion=kin.qna_ency&rank=58&search_sort=0&spq=0
고양이 다리 부음과 식음전폐,https://kin.naver.com/qna/detail.naver?d1id=8&dirId=80511&docId=466454070&qb=6rOg7JaR7J20&enc=utf8§ion=kin.qna_ency&rank=59&search_sort=0&spq=0
키우는 고양이가 떨어져 죽는 꿈,https://kin.naver.com/qna/detail.naver?d1id=3&dirId=31505&docId=466600602&qb=6rOg7JaR7J20&enc=utf8§ion=kin.qna_ency&rank=60&search_sort=0&spq=0
이웃집 고양이로 인한 피래,https://kin.naver.com/qna/detail.naver?d1id=7&dirId=70122&docId=467593171&qb=6rOg7JaR7J20&enc=utf8§ion=kin.qna_ency&rank=61&search_sort=0&spq=0
돌아온 고양이 두마리,https://kin.naver.com/qna/detail.naver?d1id=8&dirId=805&docId=468137696&qb=6rOg7JaR7J20&enc=utf8§ion=kin.qna_ency&rank=62&search_sort=0&spq=0
저는 고양이 알레르기가 있습니다ㅠㅠ,https://kin.naver.com/qna/detail.naver?d1id=8&dirId=80511&docId=466975186&qb=6rOg7JaR7J20&enc=utf8§ion=kin.qna_ency&rank=63&search_sort=0&spq=0
고양이는 왜 약한고양이를 왕따 시킬까요?,https://kin.naver.com/qna/detail.naver?d1id=8&dirId=80502&docId=467618829&qb=6rOg7JaR7J20&enc=utf8§ion=kin.qna_ency&rank=64&search_sort=0&spq=0
집 나간 고양이,https://kin.naver.com/qna/detail.naver?d1id=8&dirId=80511&docId=466107796&qb=6rOg7JaR7J20&enc=utf8§ion=kin.qna_ency&rank=65&search_sort=0&spq=0
고양이 강아지가,https://kin.naver.com/qna/detail.naver?d1id=8&dirId=8050104&docId=466231551&qb=6rOg7JaR7J20&enc=utf8§ion=kin.qna_ency&rank=66&search_sort=0&spq=0
고양이 중성화,https://kin.naver.com/qna/detail.naver?d1id=8&dirId=80511&docId=466667024&qb=6rOg7JaR7J20&enc=utf8§ion=kin.qna_ency&rank=67&search_sort=0&spq=0
대전 고양이 카페,https://kin.naver.com/qna/detail.naver?d1id=12&dirId=1206&docId=466184709&qb=6rOg7JaR7J20&enc=utf8§ion=kin.qna_ency&rank=68&search_sort=0&spq=0
꿈 해몽 고양이꿈,https://kin.naver.com/qna/detail.naver?d1id=3&dirId=31505&docId=466314399&qb=6rOg7JaR7J20&enc=utf8§ion=kin.qna_ency&rank=69&search_sort=0&spq=0
나라별 고양이를 뜻하는 단어,https://kin.naver.com/qna/detail.naver?d1id=3&dirId=30207&docId=467575647&qb=6rOg7JaR7J20&enc=utf8§ion=kin.qna_ency&rank=70&search_sort=0&spq=0
암컷 고양이 발정,https://kin.naver.com/qna/detail.naver?d1id=13&dirId=13050202&docId=467823765&qb=6rOg7JaR7J20&enc=utf8§ion=kin.qna_ency&rank=71&search_sort=0&spq=0
집나간 고양이 어떻게 찾죠...,https://kin.naver.com/qna/detail.naver?d1id=8&dirId=80502&docId=466360725&qb=6rOg7JaR7J20&enc=utf8§ion=kin.qna_ency&rank=72&search_sort=0&spq=0
맨날 고양이 사진만 올리는데,https://kin.naver.com/qna/detail.naver?d1id=8&dirId=80101&docId=467812626&qb=6rOg7JaR7J20&enc=utf8§ion=kin.qna_ency&rank=73&search_sort=0&spq=0
하얀색? 고양이 만지는 꿈꿨어요,https://kin.naver.com/qna/detail.naver?d1id=6&dirId=60903&docId=466372587&qb=6rOg7JaR7J20&enc=utf8§ion=kin.qna_ency&rank=74&search_sort=0&spq=0
출산한 고양이가 스트레스를 받아서..,https://kin.naver.com/qna/detail.naver?d1id=8&dirId=80511&docId=467611393&qb=6rOg7JaR7J20&enc=utf8§ion=kin.qna_ency&rank=75&search_sort=0&spq=0
고양이 구충제 심장사상충약,https://kin.naver.com/qna/detail.naver?d1id=8&dirId=80502&docId=467744452&qb=6rOg7JaR7J20&enc=utf8§ion=kin.qna_ency&rank=76&search_sort=0&spq=0
고양이 무는 이유가 뭔가요?,https://kin.naver.com/qna/detail.naver?d1id=8&dirId=80502&docId=469089835&qb=6rOg7JaR7J20&enc=utf8§ion=kin.qna_ency&rank=77&search_sort=0&spq=0
엄청 큰 고양이 꿈,https://kin.naver.com/qna/detail.naver?d1id=8&dirId=80511&docId=466278393&qb=6rOg7JaR7J20&enc=utf8§ion=kin.qna_ency&rank=78&search_sort=0&spq=0
초보 고양이 집사 질문,https://kin.naver.com/qna/detail.naver?d1id=8&dirId=80502&docId=466631610&qb=6rOg7JaR7J20&enc=utf8§ion=kin.qna_ency&rank=79&search_sort=0&spq=0
원룸에서 고양이,https://kin.naver.com/qna/detail.naver?d1id=9&dirId=9011404&docId=467120570&qb=6rOg7JaR7J20&enc=utf8§ion=kin.qna_ency&rank=80&search_sort=0&spq=0
고양이 눈,https://kin.naver.com/qna/detail.naver?d1id=8&dirId=80511&docId=467624730&qb=6rOg7JaR7J20&enc=utf8§ion=kin.qna_ency&rank=81&search_sort=0&spq=0
성묘 고양이 입양의 장점,https://kin.naver.com/qna/detail.naver?d1id=8&dirId=80502&docId=466246037&qb=6rOg7JaR7J20&enc=utf8§ion=kin.qna_ency&rank=82&search_sort=0&spq=0
고양이 이빨에 치석? 충치? 염증??,https://kin.naver.com/qna/detail.naver?d1id=8&dirId=80502&docId=468453775&qb=6rOg7JaR7J20&enc=utf8§ion=kin.qna_ency&rank=83&search_sort=0&spq=0
한살 고양이 기운없음,https://kin.naver.com/qna/detail.naver?d1id=8&dirId=80511&docId=467208059&qb=6rOg7JaR7J20&enc=utf8§ion=kin.qna_ency&rank=84&search_sort=0&spq=0
두마리 고양이와 한국 가기,https://kin.naver.com/qna/detail.naver?d1id=3&dirId=309&docId=466360060&qb=6rOg7JaR7J20&enc=utf8§ion=kin.qna_ency&rank=85&search_sort=0&spq=0
고양이 중성화 후,https://kin.naver.com/qna/detail.naver?d1id=8&dirId=80511&docId=466196599&qb=6rOg7JaR7J20&enc=utf8§ion=kin.qna_ency&rank=86&search_sort=0&spq=0
뱅갈고양이와 잘맞는고양이,https://kin.naver.com/qna/detail.naver?d1id=8&dirId=80502&docId=466815336&qb=6rOg7JaR7J20&enc=utf8§ion=kin.qna_ency&rank=87&search_sort=0&spq=0
강아지물티슈 고양이랑 같이써도 되나요?,https://kin.naver.com/qna/detail.naver?d1id=8&dirId=80511&docId=466900874&qb=6rOg7JaR7J20&enc=utf8§ion=kin.qna_ency&rank=88&search_sort=0&spq=0
강아지 고양이 소볌 냄새,https://kin.naver.com/qna/detail.naver?d1id=8&dirId=80511&docId=466318652&qb=6rOg7JaR7J20&enc=utf8§ion=kin.qna_ency&rank=89&search_sort=0&spq=0
키우는 고양이가 죽는 꿈,https://kin.naver.com/qna/detail.naver?d1id=8&dirId=80502&docId=466604859&qb=6rOg7JaR7J20&enc=utf8§ion=kin.qna_ency&rank=90&search_sort=0&spq=0
검은 고양이 검은 뱀 꿈,https://kin.naver.com/qna/detail.naver?d1id=3&dirId=31505&docId=467834040&qb=6rOg7JaR7J20&enc=utf8§ion=kin.qna_ency&rank=91&search_sort=0&spq=0
암컷 고양이 교배 후 힘없음,https://kin.naver.com/qna/detail.naver?d1id=8&dirId=8050101&docId=466241536&qb=6rOg7JaR7J20&enc=utf8§ion=kin.qna_ency&rank=92&search_sort=0&spq=0
고양이 사료 교체할 때,https://kin.naver.com/qna/detail.naver?d1id=8&dirId=80511&docId=468426520&qb=6rOg7JaR7J20&enc=utf8§ion=kin.qna_ency&rank=93&search_sort=0&spq=0
고양이 이빨자국 두드러기,https://kin.naver.com/qna/detail.naver?d1id=8&dirId=80511&docId=467144560&qb=6rOg7JaR7J20&enc=utf8§ion=kin.qna_ency&rank=94&search_sort=0&spq=0
이상한 ? 고양이 꿈,https://kin.naver.com/qna/detail.naver?d1id=3&dirId=31505&docId=466366626&qb=6rOg7JaR7J20&enc=utf8§ion=kin.qna_ency&rank=95&search_sort=0&spq=0
고양이 알레르기,https://kin.naver.com/qna/detail.naver?d1id=7&dirId=70115&docId=435496293&qb=6rOg7JaR7J20&enc=utf8§ion=kin.qna_ency&rank=96&search_sort=0&spq=0
고양이 분리불안,https://kin.naver.com/qna/detail.naver?d1id=8&dirId=80502&docId=466859719&qb=6rOg7JaR7J20&enc=utf8§ion=kin.qna_ency&rank=97&search_sort=0&spq=0
코양이 카페 고양이있는 카페 찾아오ㅜㅜㅜ,https://kin.naver.com/qna/detail.naver?d1id=9&dirId=90106&docId=468783979&qb=6rOg7JaR7J20&enc=utf8§ion=kin.qna_ency&rank=98&search_sort=0&spq=0
하얀 고양이 꿈,https://kin.naver.com/qna/detail.naver?d1id=12&dirId=12021205&docId=467786726&qb=6rOg7JaR7J20&enc=utf8§ion=kin.qna_ency&rank=99&search_sort=0&spq=0
디퓨저 고양이,https://kin.naver.com/qna/detail.naver?d1id=8&dirId=80502&docId=467417949&qb=6rOg7JaR7J20&enc=utf8§ion=kin.qna_ency&rank=100&search_sort=0&spq=0
